{
  "watch_list": [
    {
      "active": true,
      "site": "mail.yahoo.com",
      "frames": [
        {
          "scan": true,
          "frame": "*.mail.yahoo.com"
        },
        {
          "scan": true,
          "frame": "*.mail.yahoo.net"
        }
      ]
    },
    {
      "active": true,
      "site": "service.gmx.net",
      "frames": [
        {
          "scan": true,
          "frame": "*.service.gmx.net"
        },
        {
          "scan": true,
          "frame": "*.gmxattachments.net"
        }
      ]
    },
    {
      "active": true,
      "site": "mail.google.com",
      "frames": [
        {
          "scan": true,
          "frame": "*.mail.google.com"
        }
      ]
    },
    {
      "active": true,
      "site": "mail.live.com",
      "frames": [
        {
          "scan": true,
          "frame": "*.mail.live.com"
        }
      ]
    }
  ],
  "preferences": {
    "security": {
      "editor_mode": "external",
      "display_decrypted": "inline"
    }
  }
}